x,y,area,velocity
1,97,0.4871300137,0.5315652962
2,45,0.3241654587,0.08938891747
3,54,0.9369403458,0.4527505922
4,71,0.06769674744,0.09461838712
5,50,0.4467047375,0.6611093011
6,69,0.4250924483,0.625654058
7,70,0.3457990591,0.134587106
8,78,0.9058515694,0.32421191
9,14,0.3445905637,0.8862528886
10,42,0.4257146124,0.7526944173
11,45,0.9295505145,0.6273647936